Keyword,Title,URL
python,python.jp: プログラミング言語 Python 総合情報サイト,https://www.python.jp/
python,Welcome to Python.org,https://www.python.org/
python,Python - Wikipedia,https://ja.wikipedia.org/wiki/Python
python,Pythonとは？特徴やできることを初心者向けにわかりやすく解説,https://www.sejuku.net/blog/7720
python,Python入門,https://www.javadrive.jp/python/
go,GO 《ゴー》 タクシーが呼べるアプリGO 《ゴー》 GO株式会社,https://go.mo-t.com/
go,The Breakthrough Company GO - 六本木,https://goinc.co.jp/
go,GO株式会社 移動で人を幸せに。,https://goinc.jp/
go,goの意味・使い方・読み方 - 英辞郎 - アルク,https://eow.alc.co.jp/search?q=go
go,Go (プログラミング言語),https://ja.wikipedia.org/wiki/Go_(%E3%83%97%E3%83%AD%E3%82%B0%E3%83%A9%E3%83%9F%E3%83%B3%E3%82%B0%E8%A8%80%E8%AA%9E)
